prism_plus_tier,net_revenue_per_customer,gross_rev_per_customer,loss_from_discounts_per_customer,percent_of_gross
Bronze,25.962094393785783,31.119005403579873,5.15691100979409,16.571580431040537
Silver,25.996500578118223,31.529122705593295,5.5326221274750722,17.547656429062584
,31.21048432179251,34.747545951575113,3.5370616297826025,10.179313482200797
Platinum,26.050960091344205,32.025309917355372,5.9743498260111672,18.655088245605103
Gold,25.9401164283823,31.663555732062484,5.7234393036801841,18.075794620515836